scenario,return,volatility,sharpe,assumption,value
baseline,0.0036992060447391182,0.0014353779039253214,2.5771652431202376,imputation,median
alt_impute,0.0036960657515423085,0.0014352589110818773,2.575190944995609,imputation,mean
alt_outlier,0.0037045597201200886,0.0014489951732871258,2.556640483291666,outlier_rule,median
