scenario,delta_return,delta_volatility,delta_sharpe
alt_impute,-3.1402931968097132e-06,-1.1899284344408373e-07,-0.0019742981246286817
alt_outlier,5.3536753809703755e-06,1.3617269361804402e-05,-0.020524759828571604
