,CustomerID,NumericColumn1,NumericColumn2
count,100.0,100.0,100.0
mean,50.5,50.90274213934519,48.56
std,29.011491975882016,9.58935222379704,29.637309274124405
min,1.0,23.4482395243653,0.0
25%,25.75,45.52184919038159,23.75
50%,50.5,50.0654082508577,46.0
75%,75.25,57.68757843002115,71.75
max,100.0,83.72296253626672,99.0
