,all,filtered_iqr,winsorized
mean,12.17193564444711,12.047851249779967,12.119642808982745
median,12.349662657500474,12.285112957263696,12.349662657500474
std,6.761377639109394,6.546157480180743,6.386781263615602
